symbol,kind,category,baseline_source,current_candidate,current_candidate_reference_only,decision,verification
define-light-theme,function,owned-input-adapter,https://raw.githubusercontent.com/angular/components/16.2.14/src/material/_index.scss,,@angular/material:m2-define-light-theme,Own the Material-16-compatible value/function locally. Use the current m2-* implementation only as a temporary reference/oracle while available; do not depend on it in shipped Sass.,historical 16.2.14 value/map/signature parity required; current M2 cross-check optional/reference-only; compile/API parity pending
define-dark-theme,function,owned-input-adapter,https://raw.githubusercontent.com/angular/components/16.2.14/src/material/_index.scss,,@angular/material:m2-define-dark-theme,Own the Material-16-compatible value/function locally. Use the current m2-* implementation only as a temporary reference/oracle while available; do not depend on it in shipped Sass.,historical 16.2.14 value/map/signature parity required; current M2 cross-check optional/reference-only; compile/API parity pending
define-palette,function,owned-input-adapter,https://raw.githubusercontent.com/angular/components/16.2.14/src/material/_index.scss,,@angular/material:m2-define-palette,Own the Material-16-compatible value/function locally. Use the current m2-* implementation only as a temporary reference/oracle while available; do not depend on it in shipped Sass.,historical 16.2.14 value/map/signature parity required; current M2 cross-check optional/reference-only; compile/API parity pending
get-contrast-color-from-palette,function,owned-input-adapter,https://raw.githubusercontent.com/angular/components/16.2.14/src/material/_index.scss,,@angular/material:m2-get-contrast-color-from-palette,Own the Material-16-compatible value/function locally. Use the current m2-* implementation only as a temporary reference/oracle while available; do not depend on it in shipped Sass.,historical 16.2.14 value/map/signature parity required; current M2 cross-check optional/reference-only; compile/API parity pending
get-color-from-palette,function,owned-input-adapter,https://raw.githubusercontent.com/angular/components/16.2.14/src/material/_index.scss,,@angular/material:m2-get-color-from-palette,Own the Material-16-compatible value/function locally. Use the current m2-* implementation only as a temporary reference/oracle while available; do not depend on it in shipped Sass.,historical 16.2.14 value/map/signature parity required; current M2 cross-check optional/reference-only; compile/API parity pending
get-color-config,function,owned-input-adapter,https://raw.githubusercontent.com/angular/components/16.2.14/src/material/_index.scss,,@angular/material:m2-get-color-config,Own the Material-16-compatible value/function locally. Use the current m2-* implementation only as a temporary reference/oracle while available; do not depend on it in shipped Sass.,historical 16.2.14 value/map/signature parity required; current M2 cross-check optional/reference-only; compile/API parity pending
get-typography-config,function,owned-input-adapter,https://raw.githubusercontent.com/angular/components/16.2.14/src/material/_index.scss,,@angular/material:m2-get-typography-config,Own the Material-16-compatible value/function locally. Use the current m2-* implementation only as a temporary reference/oracle while available; do not depend on it in shipped Sass.,historical 16.2.14 value/map/signature parity required; current M2 cross-check optional/reference-only; compile/API parity pending
get-density-config,function,owned-input-adapter,https://raw.githubusercontent.com/angular/components/16.2.14/src/material/_index.scss,,@angular/material:m2-get-density-config,Own the Material-16-compatible value/function locally. Use the current m2-* implementation only as a temporary reference/oracle while available; do not depend on it in shipped Sass.,historical 16.2.14 value/map/signature parity required; current M2 cross-check optional/reference-only; compile/API parity pending
$theme-ignore-duplication-warnings,variable,owned-config-adapter,https://raw.githubusercontent.com/angular/components/16.2.14/src/material/_index.scss,,,Preserve @use with/configuration semantics; do not lose module-global configuration.,proposed-disposition; historical named export inspected; compile/API parity pending
$red-palette,variable,owned-historical-value,https://raw.githubusercontent.com/angular/components/16.2.14/src/material/_index.scss,,@angular/material:$m2-red-palette,Own the Material-16-compatible value/function locally. Use the current m2-* implementation only as a temporary reference/oracle while available; do not depend on it in shipped Sass.,historical 16.2.14 value/map/signature parity required; current M2 cross-check optional/reference-only; compile/API parity pending
$pink-palette,variable,owned-historical-value,https://raw.githubusercontent.com/angular/components/16.2.14/src/material/_index.scss,,@angular/material:$m2-pink-palette,Own the Material-16-compatible value/function locally. Use the current m2-* implementation only as a temporary reference/oracle while available; do not depend on it in shipped Sass.,historical 16.2.14 value/map/signature parity required; current M2 cross-check optional/reference-only; compile/API parity pending
$indigo-palette,variable,owned-historical-value,https://raw.githubusercontent.com/angular/components/16.2.14/src/material/_index.scss,,@angular/material:$m2-indigo-palette,Own the Material-16-compatible value/function locally. Use the current m2-* implementation only as a temporary reference/oracle while available; do not depend on it in shipped Sass.,historical 16.2.14 value/map/signature parity required; current M2 cross-check optional/reference-only; compile/API parity pending
$purple-palette,variable,owned-historical-value,https://raw.githubusercontent.com/angular/components/16.2.14/src/material/_index.scss,,@angular/material:$m2-purple-palette,Own the Material-16-compatible value/function locally. Use the current m2-* implementation only as a temporary reference/oracle while available; do not depend on it in shipped Sass.,historical 16.2.14 value/map/signature parity required; current M2 cross-check optional/reference-only; compile/API parity pending
$deep-purple-palette,variable,owned-historical-value,https://raw.githubusercontent.com/angular/components/16.2.14/src/material/_index.scss,,@angular/material:$m2-deep-purple-palette,Own the Material-16-compatible value/function locally. Use the current m2-* implementation only as a temporary reference/oracle while available; do not depend on it in shipped Sass.,historical 16.2.14 value/map/signature parity required; current M2 cross-check optional/reference-only; compile/API parity pending
$blue-palette,variable,owned-historical-value,https://raw.githubusercontent.com/angular/components/16.2.14/src/material/_index.scss,,@angular/material:$m2-blue-palette,Own the Material-16-compatible value/function locally. Use the current m2-* implementation only as a temporary reference/oracle while available; do not depend on it in shipped Sass.,historical 16.2.14 value/map/signature parity required; current M2 cross-check optional/reference-only; compile/API parity pending
$light-blue-palette,variable,owned-historical-value,https://raw.githubusercontent.com/angular/components/16.2.14/src/material/_index.scss,,@angular/material:$m2-light-blue-palette,Own the Material-16-compatible value/function locally. Use the current m2-* implementation only as a temporary reference/oracle while available; do not depend on it in shipped Sass.,historical 16.2.14 value/map/signature parity required; current M2 cross-check optional/reference-only; compile/API parity pending
$cyan-palette,variable,owned-historical-value,https://raw.githubusercontent.com/angular/components/16.2.14/src/material/_index.scss,,@angular/material:$m2-cyan-palette,Own the Material-16-compatible value/function locally. Use the current m2-* implementation only as a temporary reference/oracle while available; do not depend on it in shipped Sass.,historical 16.2.14 value/map/signature parity required; current M2 cross-check optional/reference-only; compile/API parity pending
$teal-palette,variable,owned-historical-value,https://raw.githubusercontent.com/angular/components/16.2.14/src/material/_index.scss,,@angular/material:$m2-teal-palette,Own the Material-16-compatible value/function locally. Use the current m2-* implementation only as a temporary reference/oracle while available; do not depend on it in shipped Sass.,historical 16.2.14 value/map/signature parity required; current M2 cross-check optional/reference-only; compile/API parity pending
$green-palette,variable,owned-historical-value,https://raw.githubusercontent.com/angular/components/16.2.14/src/material/_index.scss,,@angular/material:$m2-green-palette,Own the Material-16-compatible value/function locally. Use the current m2-* implementation only as a temporary reference/oracle while available; do not depend on it in shipped Sass.,historical 16.2.14 value/map/signature parity required; current M2 cross-check optional/reference-only; compile/API parity pending
$light-green-palette,variable,owned-historical-value,https://raw.githubusercontent.com/angular/components/16.2.14/src/material/_index.scss,,@angular/material:$m2-light-green-palette,Own the Material-16-compatible value/function locally. Use the current m2-* implementation only as a temporary reference/oracle while available; do not depend on it in shipped Sass.,historical 16.2.14 value/map/signature parity required; current M2 cross-check optional/reference-only; compile/API parity pending
$lime-palette,variable,owned-historical-value,https://raw.githubusercontent.com/angular/components/16.2.14/src/material/_index.scss,,@angular/material:$m2-lime-palette,Own the Material-16-compatible value/function locally. Use the current m2-* implementation only as a temporary reference/oracle while available; do not depend on it in shipped Sass.,historical 16.2.14 value/map/signature parity required; current M2 cross-check optional/reference-only; compile/API parity pending
$yellow-palette,variable,owned-historical-value,https://raw.githubusercontent.com/angular/components/16.2.14/src/material/_index.scss,,@angular/material:$m2-yellow-palette,Own the Material-16-compatible value/function locally. Use the current m2-* implementation only as a temporary reference/oracle while available; do not depend on it in shipped Sass.,historical 16.2.14 value/map/signature parity required; current M2 cross-check optional/reference-only; compile/API parity pending
$amber-palette,variable,owned-historical-value,https://raw.githubusercontent.com/angular/components/16.2.14/src/material/_index.scss,,@angular/material:$m2-amber-palette,Own the Material-16-compatible value/function locally. Use the current m2-* implementation only as a temporary reference/oracle while available; do not depend on it in shipped Sass.,historical 16.2.14 value/map/signature parity required; current M2 cross-check optional/reference-only; compile/API parity pending
$orange-palette,variable,owned-historical-value,https://raw.githubusercontent.com/angular/components/16.2.14/src/material/_index.scss,,@angular/material:$m2-orange-palette,Own the Material-16-compatible value/function locally. Use the current m2-* implementation only as a temporary reference/oracle while available; do not depend on it in shipped Sass.,historical 16.2.14 value/map/signature parity required; current M2 cross-check optional/reference-only; compile/API parity pending
$deep-orange-palette,variable,owned-historical-value,https://raw.githubusercontent.com/angular/components/16.2.14/src/material/_index.scss,,@angular/material:$m2-deep-orange-palette,Own the Material-16-compatible value/function locally. Use the current m2-* implementation only as a temporary reference/oracle while available; do not depend on it in shipped Sass.,historical 16.2.14 value/map/signature parity required; current M2 cross-check optional/reference-only; compile/API parity pending
$brown-palette,variable,owned-historical-value,https://raw.githubusercontent.com/angular/components/16.2.14/src/material/_index.scss,,@angular/material:$m2-brown-palette,Own the Material-16-compatible value/function locally. Use the current m2-* implementation only as a temporary reference/oracle while available; do not depend on it in shipped Sass.,historical 16.2.14 value/map/signature parity required; current M2 cross-check optional/reference-only; compile/API parity pending
$grey-palette,variable,owned-historical-value,https://raw.githubusercontent.com/angular/components/16.2.14/src/material/_index.scss,,@angular/material:$m2-grey-palette,Own the Material-16-compatible value/function locally. Use the current m2-* implementation only as a temporary reference/oracle while available; do not depend on it in shipped Sass.,historical 16.2.14 value/map/signature parity required; current M2 cross-check optional/reference-only; compile/API parity pending
$gray-palette,variable,owned-historical-value,https://raw.githubusercontent.com/angular/components/16.2.14/src/material/_index.scss,,@angular/material:$m2-gray-palette,Own the Material-16-compatible value/function locally. Use the current m2-* implementation only as a temporary reference/oracle while available; do not depend on it in shipped Sass.,historical 16.2.14 value/map/signature parity required; current M2 cross-check optional/reference-only; compile/API parity pending
$blue-grey-palette,variable,owned-historical-value,https://raw.githubusercontent.com/angular/components/16.2.14/src/material/_index.scss,,@angular/material:$m2-blue-grey-palette,Own the Material-16-compatible value/function locally. Use the current m2-* implementation only as a temporary reference/oracle while available; do not depend on it in shipped Sass.,historical 16.2.14 value/map/signature parity required; current M2 cross-check optional/reference-only; compile/API parity pending
$blue-gray-palette,variable,owned-historical-value,https://raw.githubusercontent.com/angular/components/16.2.14/src/material/_index.scss,,@angular/material:$m2-blue-gray-palette,Own the Material-16-compatible value/function locally. Use the current m2-* implementation only as a temporary reference/oracle while available; do not depend on it in shipped Sass.,historical 16.2.14 value/map/signature parity required; current M2 cross-check optional/reference-only; compile/API parity pending
$light-theme-background-palette,variable,owned-historical-value,https://raw.githubusercontent.com/angular/components/16.2.14/src/material/_index.scss,,@angular/material:$m2-light-theme-background-palette,Own the Material-16-compatible value/function locally. Use the current m2-* implementation only as a temporary reference/oracle while available; do not depend on it in shipped Sass.,historical 16.2.14 value/map/signature parity required; current M2 cross-check optional/reference-only; compile/API parity pending
$dark-theme-background-palette,variable,owned-historical-value,https://raw.githubusercontent.com/angular/components/16.2.14/src/material/_index.scss,,@angular/material:$m2-dark-theme-background-palette,Own the Material-16-compatible value/function locally. Use the current m2-* implementation only as a temporary reference/oracle while available; do not depend on it in shipped Sass.,historical 16.2.14 value/map/signature parity required; current M2 cross-check optional/reference-only; compile/API parity pending
$light-theme-foreground-palette,variable,owned-historical-value,https://raw.githubusercontent.com/angular/components/16.2.14/src/material/_index.scss,,@angular/material:$m2-light-theme-foreground-palette,Own the Material-16-compatible value/function locally. Use the current m2-* implementation only as a temporary reference/oracle while available; do not depend on it in shipped Sass.,historical 16.2.14 value/map/signature parity required; current M2 cross-check optional/reference-only; compile/API parity pending
$dark-theme-foreground-palette,variable,owned-historical-value,https://raw.githubusercontent.com/angular/components/16.2.14/src/material/_index.scss,,@angular/material:$m2-dark-theme-foreground-palette,Own the Material-16-compatible value/function locally. Use the current m2-* implementation only as a temporary reference/oracle while available; do not depend on it in shipped Sass.,historical 16.2.14 value/map/signature parity required; current M2 cross-check optional/reference-only; compile/API parity pending
define-typography-level,function,owned-input-adapter,https://raw.githubusercontent.com/angular/components/16.2.14/src/material/_index.scss,,@angular/material:m2-define-typography-level,Own the Material-16-compatible value/function locally. Use the current m2-* implementation only as a temporary reference/oracle while available; do not depend on it in shipped Sass.,historical 16.2.14 value/map/signature parity required; current M2 cross-check optional/reference-only; compile/API parity pending
define-rem-typography-config,function,owned-input-adapter,https://raw.githubusercontent.com/angular/components/16.2.14/src/material/_index.scss,,@angular/material:m2-define-rem-typography-config,Own the Material-16-compatible value/function locally. Use the current m2-* implementation only as a temporary reference/oracle while available; do not depend on it in shipped Sass.,historical 16.2.14 value/map/signature parity required; current M2 cross-check optional/reference-only; compile/API parity pending
define-typography-config,function,owned-input-adapter,https://raw.githubusercontent.com/angular/components/16.2.14/src/material/_index.scss,,@angular/material:m2-define-typography-config,Own the Material-16-compatible value/function locally. Use the current m2-* implementation only as a temporary reference/oracle while available; do not depend on it in shipped Sass.,historical 16.2.14 value/map/signature parity required; current M2 cross-check optional/reference-only; compile/API parity pending
define-legacy-typography-config,function,owned-input-adapter,https://raw.githubusercontent.com/angular/components/16.2.14/src/material/_index.scss,,@angular/material:m2-define-legacy-typography-config,Own the Material-16-compatible value/function locally. Use the current m2-* implementation only as a temporary reference/oracle while available; do not depend on it in shipped Sass.,historical 16.2.14 value/map/signature parity required; current M2 cross-check optional/reference-only; compile/API parity pending
typography-level,mixin,owned-typography-adapter,https://raw.githubusercontent.com/angular/components/16.2.14/src/material/_index.scss,,@angular/material:m2-typography-level,Own the Material-16-compatible value/function locally. Use the current m2-* implementation only as a temporary reference/oracle while available; do not depend on it in shipped Sass.,historical 16.2.14 value/map/signature parity required; current M2 cross-check optional/reference-only; compile/API parity pending
font-size,function,owned-typography-adapter,https://raw.githubusercontent.com/angular/components/16.2.14/src/material/_index.scss,,@angular/material:m2-font-size,Own the Material-16-compatible value/function locally. Use the current m2-* implementation only as a temporary reference/oracle while available; do not depend on it in shipped Sass.,historical 16.2.14 value/map/signature parity required; current M2 cross-check optional/reference-only; compile/API parity pending
line-height,function,owned-typography-adapter,https://raw.githubusercontent.com/angular/components/16.2.14/src/material/_index.scss,,@angular/material:m2-line-height,Own the Material-16-compatible value/function locally. Use the current m2-* implementation only as a temporary reference/oracle while available; do not depend on it in shipped Sass.,historical 16.2.14 value/map/signature parity required; current M2 cross-check optional/reference-only; compile/API parity pending
font-weight,function,owned-typography-adapter,https://raw.githubusercontent.com/angular/components/16.2.14/src/material/_index.scss,,@angular/material:m2-font-weight,Own the Material-16-compatible value/function locally. Use the current m2-* implementation only as a temporary reference/oracle while available; do not depend on it in shipped Sass.,historical 16.2.14 value/map/signature parity required; current M2 cross-check optional/reference-only; compile/API parity pending
letter-spacing,function,owned-typography-adapter,https://raw.githubusercontent.com/angular/components/16.2.14/src/material/_index.scss,,@angular/material:m2-letter-spacing,Own the Material-16-compatible value/function locally. Use the current m2-* implementation only as a temporary reference/oracle while available; do not depend on it in shipped Sass.,historical 16.2.14 value/map/signature parity required; current M2 cross-check optional/reference-only; compile/API parity pending
font-family,function,owned-typography-adapter,https://raw.githubusercontent.com/angular/components/16.2.14/src/material/_index.scss,,@angular/material:m2-font-family,Own the Material-16-compatible value/function locally. Use the current m2-* implementation only as a temporary reference/oracle while available; do not depend on it in shipped Sass.,historical 16.2.14 value/map/signature parity required; current M2 cross-check optional/reference-only; compile/API parity pending
font-shorthand,mixin,owned-typography-adapter,https://raw.githubusercontent.com/angular/components/16.2.14/src/material/_index.scss,@angular/material:font-shorthand,,Do not infer compatibility solely from same name.,proposed-disposition; historical named export inspected; compile/API parity pending
typography-hierarchy,mixin,owned-typography-adapter,https://raw.githubusercontent.com/angular/components/16.2.14/src/material/_index.scss,,,Preserve historical 2014/2018 hierarchy conventions; current unprefixed hierarchy may differ.,proposed-disposition; historical named export inspected; compile/API parity pending
legacy-typography-hierarchy,mixin,owned-typography-adapter,https://raw.githubusercontent.com/angular/components/16.2.14/src/material/_index.scss,,,Preserve historical 2014/2018 hierarchy conventions; current unprefixed hierarchy may differ.,proposed-disposition; historical named export inspected; compile/API parity pending
m2-tokens-from-theme,function,review-specialized-helper,https://raw.githubusercontent.com/angular/components/16.2.14/src/material/_index.scss,,,"Historically root-exported token helper. Inventory its actual contract; own compatible translation or a precise unsupported diagnostic, not a current private import.",proposed-disposition; historical named export inspected; compile/API parity pending
core,mixin,owned-structural-coordinator,https://raw.githubusercontent.com/angular/components/16.2.14/src/material/_index.scss,,,Retain core responsibilities; review current CDK structural output separately. Never forward the current no-op.,proposed-disposition; historical named export inspected; compile/API parity pending
legacy-core,mixin,owned-structural-coordinator,https://raw.githubusercontent.com/angular/components/16.2.14/src/material/_index.scss,,,Retain core responsibilities; review current CDK structural output separately. Never forward the current no-op.,proposed-disposition; historical named export inspected; compile/API parity pending
ripple,mixin,shared-style-adapter,https://raw.githubusercontent.com/angular/components/16.2.14/src/material/_index.scss,@angular/material:ripple,,"Test old argument behavior and resulting cascade. Conditional public delegation, not assumed exact.",proposed-disposition; historical named export inspected; compile/API parity pending
strong-focus-indicators,mixin,shared-style-adapter,https://raw.githubusercontent.com/angular/components/16.2.14/src/material/_index.scss,@angular/material:strong-focus-indicators,,"Test old argument behavior and resulting cascade. Conditional public delegation, not assumed exact.",proposed-disposition; historical named export inspected; compile/API parity pending
elevation,mixin,shared-style-adapter,https://raw.githubusercontent.com/angular/components/16.2.14/src/material/_index.scss,@angular/material:elevation,,"Test old argument behavior and resulting cascade. Conditional public delegation, not assumed exact.",proposed-disposition; historical named export inspected; compile/API parity pending
overridable-elevation,mixin,shared-style-adapter,https://raw.githubusercontent.com/angular/components/16.2.14/src/material/_index.scss,@angular/material:overridable-elevation,,"Test old argument behavior and resulting cascade. Conditional public delegation, not assumed exact.",proposed-disposition; historical named export inspected; compile/API parity pending
elevation-transition,mixin,shared-style-adapter,https://raw.githubusercontent.com/angular/components/16.2.14/src/material/_index.scss,@angular/material:elevation-transition,,"Test old argument behavior and resulting cascade. Conditional public delegation, not assumed exact.",proposed-disposition; historical named export inspected; compile/API parity pending
all-component-themes,mixin,explicit-current-aggregate-bridge,https://raw.githubusercontent.com/angular/components/16.2.14/src/material/_index.scss,,,Preserve baseline membership deliberately; do not bind to a changing wildcard upstream aggregate. Output is current-component behavior and must be reported.,proposed-disposition; historical named export inspected; compile/API parity pending
all-component-colors,mixin,explicit-current-aggregate-bridge,https://raw.githubusercontent.com/angular/components/16.2.14/src/material/_index.scss,,,Preserve baseline membership deliberately; do not bind to a changing wildcard upstream aggregate. Output is current-component behavior and must be reported.,proposed-disposition; historical named export inspected; compile/API parity pending
all-component-typographies,mixin,explicit-current-aggregate-bridge,https://raw.githubusercontent.com/angular/components/16.2.14/src/material/_index.scss,,,Preserve baseline membership deliberately; do not bind to a changing wildcard upstream aggregate. Output is current-component behavior and must be reported.,proposed-disposition; historical named export inspected; compile/API parity pending
all-component-densities,mixin,historically-exported-in-internal-section,https://raw.githubusercontent.com/angular/components/16.2.14/src/material/_index.scss,,,Unprefixed but listed under Private/Internal in the tag. Diagnose until explicitly admitted and tested; do not silently treat it as stable public.,proposed-disposition; historical named export inspected; compile/API parity pending
all-legacy-component-themes,mixin,owned-historical-aggregate,https://raw.githubusercontent.com/angular/components/16.2.14/src/material/_index.scss,,,Legacy-owned themes plus historical ordinary companion bridges; audit each aggregate membership independently.,proposed-disposition; historical named export inspected; compile/API parity pending
all-legacy-component-colors,mixin,owned-historical-aggregate,https://raw.githubusercontent.com/angular/components/16.2.14/src/material/_index.scss,,,Legacy-owned themes plus historical ordinary companion bridges; audit each aggregate membership independently.,proposed-disposition; historical named export inspected; compile/API parity pending
all-legacy-component-typographies,mixin,owned-historical-aggregate,https://raw.githubusercontent.com/angular/components/16.2.14/src/material/_index.scss,,,Legacy-owned themes plus historical ordinary companion bridges; audit each aggregate membership independently.,proposed-disposition; historical named export inspected; compile/API parity pending
core-color,mixin,shared-current-theme-bridge,https://raw.githubusercontent.com/angular/components/16.2.14/src/material/_index.scss,@angular/material:core-color,,This is not legacy-core-theme. Current shared output is separately tested/reported.,proposed-disposition; historical named export inspected; compile/API parity pending
core-theme,mixin,shared-current-theme-bridge,https://raw.githubusercontent.com/angular/components/16.2.14/src/material/_index.scss,@angular/material:core-theme,,This is not legacy-core-theme. Current shared output is separately tested/reported.,proposed-disposition; historical named export inspected; compile/API parity pending
core-typography,mixin,shared-current-theme-bridge,https://raw.githubusercontent.com/angular/components/16.2.14/src/material/_index.scss,@angular/material:core-typography,,This is not legacy-core-theme. Current shared output is separately tested/reported.,proposed-disposition; historical named export inspected; compile/API parity pending
core-density,mixin,shared-current-theme-bridge,https://raw.githubusercontent.com/angular/components/16.2.14/src/material/_index.scss,@angular/material:core-density,,This is not legacy-core-theme. Current shared output is separately tested/reported.,proposed-disposition; historical named export inspected; compile/API parity pending
legacy-core-color,mixin,owned-legacy-theme,https://raw.githubusercontent.com/angular/components/16.2.14/src/material/_index.scss,,,,proposed-disposition; historical named export inspected; compile/API parity pending
legacy-core-theme,mixin,owned-legacy-theme,https://raw.githubusercontent.com/angular/components/16.2.14/src/material/_index.scss,,,,proposed-disposition; historical named export inspected; compile/API parity pending
ripple-color,mixin,shared-style-adapter,https://raw.githubusercontent.com/angular/components/16.2.14/src/material/_index.scss,@angular/material:ripple-color,,Test historical ripple variables/selectors against current runtime ripple.,proposed-disposition; historical named export inspected; compile/API parity pending
ripple-theme,mixin,shared-style-adapter,https://raw.githubusercontent.com/angular/components/16.2.14/src/material/_index.scss,@angular/material:ripple-theme,,Test historical ripple variables/selectors against current runtime ripple.,proposed-disposition; historical named export inspected; compile/API parity pending
legacy-option-color,mixin,owned-legacy-theme,https://raw.githubusercontent.com/angular/components/16.2.14/src/material/_index.scss,,,,proposed-disposition; historical named export inspected; compile/API parity pending
legacy-option-typography,mixin,owned-legacy-theme,https://raw.githubusercontent.com/angular/components/16.2.14/src/material/_index.scss,,,,proposed-disposition; historical named export inspected; compile/API parity pending
legacy-option-theme,mixin,owned-legacy-theme,https://raw.githubusercontent.com/angular/components/16.2.14/src/material/_index.scss,,,,proposed-disposition; historical named export inspected; compile/API parity pending
legacy-optgroup-color,mixin,owned-legacy-theme,https://raw.githubusercontent.com/angular/components/16.2.14/src/material/_index.scss,,,,proposed-disposition; historical named export inspected; compile/API parity pending
legacy-optgroup-typography,mixin,owned-legacy-theme,https://raw.githubusercontent.com/angular/components/16.2.14/src/material/_index.scss,,,,proposed-disposition; historical named export inspected; compile/API parity pending
legacy-optgroup-theme,mixin,owned-legacy-theme,https://raw.githubusercontent.com/angular/components/16.2.14/src/material/_index.scss,,,,proposed-disposition; historical named export inspected; compile/API parity pending
option-color,mixin,explicit-current-component-bridge,https://raw.githubusercontent.com/angular/components/16.2.14/src/material/_index.scss,@angular/material:option-color,,Unprefixed option/optgroup belong to non-legacy implementations; never redirect to legacy renderer.,proposed-disposition; historical named export inspected; compile/API parity pending
option-typography,mixin,explicit-current-component-bridge,https://raw.githubusercontent.com/angular/components/16.2.14/src/material/_index.scss,@angular/material:option-typography,,Unprefixed option/optgroup belong to non-legacy implementations; never redirect to legacy renderer.,proposed-disposition; historical named export inspected; compile/API parity pending
option-theme,mixin,explicit-current-component-bridge,https://raw.githubusercontent.com/angular/components/16.2.14/src/material/_index.scss,@angular/material:option-theme,,Unprefixed option/optgroup belong to non-legacy implementations; never redirect to legacy renderer.,proposed-disposition; historical named export inspected; compile/API parity pending
option-density,mixin,explicit-current-component-bridge,https://raw.githubusercontent.com/angular/components/16.2.14/src/material/_index.scss,@angular/material:option-density,,Unprefixed option/optgroup belong to non-legacy implementations; never redirect to legacy renderer.,proposed-disposition; historical named export inspected; compile/API parity pending
optgroup-color,mixin,explicit-current-component-bridge,https://raw.githubusercontent.com/angular/components/16.2.14/src/material/_index.scss,@angular/material:optgroup-color,,Unprefixed option/optgroup belong to non-legacy implementations; never redirect to legacy renderer.,proposed-disposition; historical named export inspected; compile/API parity pending
optgroup-typography,mixin,explicit-current-component-bridge,https://raw.githubusercontent.com/angular/components/16.2.14/src/material/_index.scss,@angular/material:optgroup-typography,,Unprefixed option/optgroup belong to non-legacy implementations; never redirect to legacy renderer.,proposed-disposition; historical named export inspected; compile/API parity pending
optgroup-theme,mixin,explicit-current-component-bridge,https://raw.githubusercontent.com/angular/components/16.2.14/src/material/_index.scss,@angular/material:optgroup-theme,,Unprefixed option/optgroup belong to non-legacy implementations; never redirect to legacy renderer.,proposed-disposition; historical named export inspected; compile/API parity pending
optgroup-density,mixin,explicit-current-component-bridge,https://raw.githubusercontent.com/angular/components/16.2.14/src/material/_index.scss,@angular/material:optgroup-density,,Unprefixed option/optgroup belong to non-legacy implementations; never redirect to legacy renderer.,proposed-disposition; historical named export inspected; compile/API parity pending
pseudo-checkbox-color,mixin,shared-style-adapter,https://raw.githubusercontent.com/angular/components/16.2.14/src/material/_index.scss,@angular/material:pseudo-checkbox-color,,Legacy pseudo-checkbox renderer/styles may require owned implementation. Prove selector/value behavior.,proposed-disposition; historical named export inspected; compile/API parity pending
pseudo-checkbox-typography,mixin,shared-style-adapter,https://raw.githubusercontent.com/angular/components/16.2.14/src/material/_index.scss,@angular/material:pseudo-checkbox-typography,,Legacy pseudo-checkbox renderer/styles may require owned implementation. Prove selector/value behavior.,proposed-disposition; historical named export inspected; compile/API parity pending
pseudo-checkbox-theme,mixin,shared-style-adapter,https://raw.githubusercontent.com/angular/components/16.2.14/src/material/_index.scss,@angular/material:pseudo-checkbox-theme,,Legacy pseudo-checkbox renderer/styles may require owned implementation. Prove selector/value behavior.,proposed-disposition; historical named export inspected; compile/API parity pending
pseudo-checkbox-legacy-size,mixin,shared-style-adapter,https://raw.githubusercontent.com/angular/components/16.2.14/src/material/_index.scss,@angular/material:pseudo-checkbox-legacy-size,,Legacy pseudo-checkbox renderer/styles may require owned implementation. Prove selector/value behavior.,proposed-disposition; historical named export inspected; compile/API parity pending
strong-focus-indicators-color,mixin,shared-style-adapter,https://raw.githubusercontent.com/angular/components/16.2.14/src/material/_index.scss,@angular/material:strong-focus-indicators-color,,Legacy pseudo-checkbox renderer/styles may require owned implementation. Prove selector/value behavior.,proposed-disposition; historical named export inspected; compile/API parity pending
strong-focus-indicators-theme,mixin,shared-style-adapter,https://raw.githubusercontent.com/angular/components/16.2.14/src/material/_index.scss,@angular/material:strong-focus-indicators-theme,,Legacy pseudo-checkbox renderer/styles may require owned implementation. Prove selector/value behavior.,proposed-disposition; historical named export inspected; compile/API parity pending
legacy-autocomplete-theme,mixin,owned-legacy-theme,https://raw.githubusercontent.com/angular/components/16.2.14/src/material/_index.scss,,,No public density mixin invented for this legacy family.,proposed-disposition; historical named export inspected; compile/API parity pending
legacy-autocomplete-color,mixin,owned-legacy-theme,https://raw.githubusercontent.com/angular/components/16.2.14/src/material/_index.scss,,,No public density mixin invented for this legacy family.,proposed-disposition; historical named export inspected; compile/API parity pending
legacy-autocomplete-typography,mixin,owned-legacy-theme,https://raw.githubusercontent.com/angular/components/16.2.14/src/material/_index.scss,,,No public density mixin invented for this legacy family.,proposed-disposition; historical named export inspected; compile/API parity pending
legacy-button-theme,mixin,owned-legacy-theme,https://raw.githubusercontent.com/angular/components/16.2.14/src/material/_index.scss,,,No public density mixin invented for this legacy family.,proposed-disposition; historical named export inspected; compile/API parity pending
legacy-button-color,mixin,owned-legacy-theme,https://raw.githubusercontent.com/angular/components/16.2.14/src/material/_index.scss,,,No public density mixin invented for this legacy family.,proposed-disposition; historical named export inspected; compile/API parity pending
legacy-button-typography,mixin,owned-legacy-theme,https://raw.githubusercontent.com/angular/components/16.2.14/src/material/_index.scss,,,No public density mixin invented for this legacy family.,proposed-disposition; historical named export inspected; compile/API parity pending
legacy-card-theme,mixin,owned-legacy-theme,https://raw.githubusercontent.com/angular/components/16.2.14/src/material/_index.scss,,,No public density mixin invented for this legacy family.,proposed-disposition; historical named export inspected; compile/API parity pending
legacy-card-color,mixin,owned-legacy-theme,https://raw.githubusercontent.com/angular/components/16.2.14/src/material/_index.scss,,,No public density mixin invented for this legacy family.,proposed-disposition; historical named export inspected; compile/API parity pending
legacy-card-typography,mixin,owned-legacy-theme,https://raw.githubusercontent.com/angular/components/16.2.14/src/material/_index.scss,,,No public density mixin invented for this legacy family.,proposed-disposition; historical named export inspected; compile/API parity pending
legacy-checkbox-theme,mixin,owned-legacy-theme,https://raw.githubusercontent.com/angular/components/16.2.14/src/material/_index.scss,,,No public density mixin invented for this legacy family.,proposed-disposition; historical named export inspected; compile/API parity pending
legacy-checkbox-color,mixin,owned-legacy-theme,https://raw.githubusercontent.com/angular/components/16.2.14/src/material/_index.scss,,,No public density mixin invented for this legacy family.,proposed-disposition; historical named export inspected; compile/API parity pending
legacy-checkbox-typography,mixin,owned-legacy-theme,https://raw.githubusercontent.com/angular/components/16.2.14/src/material/_index.scss,,,No public density mixin invented for this legacy family.,proposed-disposition; historical named export inspected; compile/API parity pending
legacy-chips-theme,mixin,owned-legacy-theme,https://raw.githubusercontent.com/angular/components/16.2.14/src/material/_index.scss,,,No public density mixin invented for this legacy family.,proposed-disposition; historical named export inspected; compile/API parity pending
legacy-chips-color,mixin,owned-legacy-theme,https://raw.githubusercontent.com/angular/components/16.2.14/src/material/_index.scss,,,No public density mixin invented for this legacy family.,proposed-disposition; historical named export inspected; compile/API parity pending
legacy-chips-typography,mixin,owned-legacy-theme,https://raw.githubusercontent.com/angular/components/16.2.14/src/material/_index.scss,,,No public density mixin invented for this legacy family.,proposed-disposition; historical named export inspected; compile/API parity pending
legacy-dialog-theme,mixin,owned-legacy-theme,https://raw.githubusercontent.com/angular/components/16.2.14/src/material/_index.scss,,,No public density mixin invented for this legacy family.,proposed-disposition; historical named export inspected; compile/API parity pending
legacy-dialog-color,mixin,owned-legacy-theme,https://raw.githubusercontent.com/angular/components/16.2.14/src/material/_index.scss,,,No public density mixin invented for this legacy family.,proposed-disposition; historical named export inspected; compile/API parity pending
legacy-dialog-typography,mixin,owned-legacy-theme,https://raw.githubusercontent.com/angular/components/16.2.14/src/material/_index.scss,,,No public density mixin invented for this legacy family.,proposed-disposition; historical named export inspected; compile/API parity pending
legacy-form-field-theme,mixin,owned-legacy-theme,https://raw.githubusercontent.com/angular/components/16.2.14/src/material/_index.scss,,,No public density mixin invented for this legacy family.,proposed-disposition; historical named export inspected; compile/API parity pending
legacy-form-field-color,mixin,owned-legacy-theme,https://raw.githubusercontent.com/angular/components/16.2.14/src/material/_index.scss,,,No public density mixin invented for this legacy family.,proposed-disposition; historical named export inspected; compile/API parity pending
legacy-form-field-typography,mixin,owned-legacy-theme,https://raw.githubusercontent.com/angular/components/16.2.14/src/material/_index.scss,,,No public density mixin invented for this legacy family.,proposed-disposition; historical named export inspected; compile/API parity pending
legacy-input-theme,mixin,owned-legacy-theme,https://raw.githubusercontent.com/angular/components/16.2.14/src/material/_index.scss,,,No public density mixin invented for this legacy family.,proposed-disposition; historical named export inspected; compile/API parity pending
legacy-input-color,mixin,owned-legacy-theme,https://raw.githubusercontent.com/angular/components/16.2.14/src/material/_index.scss,,,No public density mixin invented for this legacy family.,proposed-disposition; historical named export inspected; compile/API parity pending
legacy-input-typography,mixin,owned-legacy-theme,https://raw.githubusercontent.com/angular/components/16.2.14/src/material/_index.scss,,,No public density mixin invented for this legacy family.,proposed-disposition; historical named export inspected; compile/API parity pending
legacy-list-theme,mixin,owned-legacy-theme,https://raw.githubusercontent.com/angular/components/16.2.14/src/material/_index.scss,,,No public density mixin invented for this legacy family.,proposed-disposition; historical named export inspected; compile/API parity pending
legacy-list-color,mixin,owned-legacy-theme,https://raw.githubusercontent.com/angular/components/16.2.14/src/material/_index.scss,,,No public density mixin invented for this legacy family.,proposed-disposition; historical named export inspected; compile/API parity pending
legacy-list-typography,mixin,owned-legacy-theme,https://raw.githubusercontent.com/angular/components/16.2.14/src/material/_index.scss,,,No public density mixin invented for this legacy family.,proposed-disposition; historical named export inspected; compile/API parity pending
legacy-menu-theme,mixin,owned-legacy-theme,https://raw.githubusercontent.com/angular/components/16.2.14/src/material/_index.scss,,,No public density mixin invented for this legacy family.,proposed-disposition; historical named export inspected; compile/API parity pending
legacy-menu-color,mixin,owned-legacy-theme,https://raw.githubusercontent.com/angular/components/16.2.14/src/material/_index.scss,,,No public density mixin invented for this legacy family.,proposed-disposition; historical named export inspected; compile/API parity pending
legacy-menu-typography,mixin,owned-legacy-theme,https://raw.githubusercontent.com/angular/components/16.2.14/src/material/_index.scss,,,No public density mixin invented for this legacy family.,proposed-disposition; historical named export inspected; compile/API parity pending
legacy-paginator-theme,mixin,owned-legacy-theme,https://raw.githubusercontent.com/angular/components/16.2.14/src/material/_index.scss,,,No public density mixin invented for this legacy family.,proposed-disposition; historical named export inspected; compile/API parity pending
legacy-paginator-color,mixin,owned-legacy-theme,https://raw.githubusercontent.com/angular/components/16.2.14/src/material/_index.scss,,,No public density mixin invented for this legacy family.,proposed-disposition; historical named export inspected; compile/API parity pending
legacy-paginator-typography,mixin,owned-legacy-theme,https://raw.githubusercontent.com/angular/components/16.2.14/src/material/_index.scss,,,No public density mixin invented for this legacy family.,proposed-disposition; historical named export inspected; compile/API parity pending
legacy-progress-bar-theme,mixin,owned-legacy-theme,https://raw.githubusercontent.com/angular/components/16.2.14/src/material/_index.scss,,,No public density mixin invented for this legacy family.,proposed-disposition; historical named export inspected; compile/API parity pending
legacy-progress-bar-color,mixin,owned-legacy-theme,https://raw.githubusercontent.com/angular/components/16.2.14/src/material/_index.scss,,,No public density mixin invented for this legacy family.,proposed-disposition; historical named export inspected; compile/API parity pending
legacy-progress-bar-typography,mixin,owned-legacy-theme,https://raw.githubusercontent.com/angular/components/16.2.14/src/material/_index.scss,,,No public density mixin invented for this legacy family.,proposed-disposition; historical named export inspected; compile/API parity pending
legacy-progress-spinner-theme,mixin,owned-legacy-theme,https://raw.githubusercontent.com/angular/components/16.2.14/src/material/_index.scss,,,No public density mixin invented for this legacy family.,proposed-disposition; historical named export inspected; compile/API parity pending
legacy-progress-spinner-color,mixin,owned-legacy-theme,https://raw.githubusercontent.com/angular/components/16.2.14/src/material/_index.scss,,,No public density mixin invented for this legacy family.,proposed-disposition; historical named export inspected; compile/API parity pending
legacy-progress-spinner-typography,mixin,owned-legacy-theme,https://raw.githubusercontent.com/angular/components/16.2.14/src/material/_index.scss,,,No public density mixin invented for this legacy family.,proposed-disposition; historical named export inspected; compile/API parity pending
legacy-radio-theme,mixin,owned-legacy-theme,https://raw.githubusercontent.com/angular/components/16.2.14/src/material/_index.scss,,,No public density mixin invented for this legacy family.,proposed-disposition; historical named export inspected; compile/API parity pending
legacy-radio-color,mixin,owned-legacy-theme,https://raw.githubusercontent.com/angular/components/16.2.14/src/material/_index.scss,,,No public density mixin invented for this legacy family.,proposed-disposition; historical named export inspected; compile/API parity pending
legacy-radio-typography,mixin,owned-legacy-theme,https://raw.githubusercontent.com/angular/components/16.2.14/src/material/_index.scss,,,No public density mixin invented for this legacy family.,proposed-disposition; historical named export inspected; compile/API parity pending
legacy-select-theme,mixin,owned-legacy-theme,https://raw.githubusercontent.com/angular/components/16.2.14/src/material/_index.scss,,,No public density mixin invented for this legacy family.,proposed-disposition; historical named export inspected; compile/API parity pending
legacy-select-color,mixin,owned-legacy-theme,https://raw.githubusercontent.com/angular/components/16.2.14/src/material/_index.scss,,,No public density mixin invented for this legacy family.,proposed-disposition; historical named export inspected; compile/API parity pending
legacy-select-typography,mixin,owned-legacy-theme,https://raw.githubusercontent.com/angular/components/16.2.14/src/material/_index.scss,,,No public density mixin invented for this legacy family.,proposed-disposition; historical named export inspected; compile/API parity pending
legacy-slide-toggle-theme,mixin,owned-legacy-theme,https://raw.githubusercontent.com/angular/components/16.2.14/src/material/_index.scss,,,No public density mixin invented for this legacy family.,proposed-disposition; historical named export inspected; compile/API parity pending
legacy-slide-toggle-color,mixin,owned-legacy-theme,https://raw.githubusercontent.com/angular/components/16.2.14/src/material/_index.scss,,,No public density mixin invented for this legacy family.,proposed-disposition; historical named export inspected; compile/API parity pending
legacy-slide-toggle-typography,mixin,owned-legacy-theme,https://raw.githubusercontent.com/angular/components/16.2.14/src/material/_index.scss,,,No public density mixin invented for this legacy family.,proposed-disposition; historical named export inspected; compile/API parity pending
legacy-slider-theme,mixin,owned-legacy-theme,https://raw.githubusercontent.com/angular/components/16.2.14/src/material/_index.scss,,,No public density mixin invented for this legacy family.,proposed-disposition; historical named export inspected; compile/API parity pending
legacy-slider-color,mixin,owned-legacy-theme,https://raw.githubusercontent.com/angular/components/16.2.14/src/material/_index.scss,,,No public density mixin invented for this legacy family.,proposed-disposition; historical named export inspected; compile/API parity pending
legacy-slider-typography,mixin,owned-legacy-theme,https://raw.githubusercontent.com/angular/components/16.2.14/src/material/_index.scss,,,No public density mixin invented for this legacy family.,proposed-disposition; historical named export inspected; compile/API parity pending
legacy-snack-bar-theme,mixin,owned-legacy-theme,https://raw.githubusercontent.com/angular/components/16.2.14/src/material/_index.scss,,,No public density mixin invented for this legacy family.,proposed-disposition; historical named export inspected; compile/API parity pending
legacy-snack-bar-color,mixin,owned-legacy-theme,https://raw.githubusercontent.com/angular/components/16.2.14/src/material/_index.scss,,,No public density mixin invented for this legacy family.,proposed-disposition; historical named export inspected; compile/API parity pending
legacy-snack-bar-typography,mixin,owned-legacy-theme,https://raw.githubusercontent.com/angular/components/16.2.14/src/material/_index.scss,,,No public density mixin invented for this legacy family.,proposed-disposition; historical named export inspected; compile/API parity pending
legacy-table-theme,mixin,owned-legacy-theme,https://raw.githubusercontent.com/angular/components/16.2.14/src/material/_index.scss,,,No public density mixin invented for this legacy family.,proposed-disposition; historical named export inspected; compile/API parity pending
legacy-table-color,mixin,owned-legacy-theme,https://raw.githubusercontent.com/angular/components/16.2.14/src/material/_index.scss,,,No public density mixin invented for this legacy family.,proposed-disposition; historical named export inspected; compile/API parity pending
legacy-table-typography,mixin,owned-legacy-theme,https://raw.githubusercontent.com/angular/components/16.2.14/src/material/_index.scss,,,No public density mixin invented for this legacy family.,proposed-disposition; historical named export inspected; compile/API parity pending
legacy-tabs-theme,mixin,owned-legacy-theme,https://raw.githubusercontent.com/angular/components/16.2.14/src/material/_index.scss,,,No public density mixin invented for this legacy family.,proposed-disposition; historical named export inspected; compile/API parity pending
legacy-tabs-color,mixin,owned-legacy-theme,https://raw.githubusercontent.com/angular/components/16.2.14/src/material/_index.scss,,,No public density mixin invented for this legacy family.,proposed-disposition; historical named export inspected; compile/API parity pending
legacy-tabs-typography,mixin,owned-legacy-theme,https://raw.githubusercontent.com/angular/components/16.2.14/src/material/_index.scss,,,No public density mixin invented for this legacy family.,proposed-disposition; historical named export inspected; compile/API parity pending
legacy-tooltip-theme,mixin,owned-legacy-theme,https://raw.githubusercontent.com/angular/components/16.2.14/src/material/_index.scss,,,No public density mixin invented for this legacy family.,proposed-disposition; historical named export inspected; compile/API parity pending
legacy-tooltip-color,mixin,owned-legacy-theme,https://raw.githubusercontent.com/angular/components/16.2.14/src/material/_index.scss,,,No public density mixin invented for this legacy family.,proposed-disposition; historical named export inspected; compile/API parity pending
legacy-tooltip-typography,mixin,owned-legacy-theme,https://raw.githubusercontent.com/angular/components/16.2.14/src/material/_index.scss,,,No public density mixin invented for this legacy family.,proposed-disposition; historical named export inspected; compile/API parity pending
autocomplete-theme,mixin,explicit-current-component-bridge,https://raw.githubusercontent.com/angular/components/16.2.14/src/material/_index.scss,@angular/material:autocomplete-theme,,Source contract bridge; no v16 visual guarantee. Validate signature/input behavior and report consumer review boundary.,proposed-disposition; historical named export inspected; compile/API parity pending
autocomplete-color,mixin,explicit-current-component-bridge,https://raw.githubusercontent.com/angular/components/16.2.14/src/material/_index.scss,@angular/material:autocomplete-color,,Source contract bridge; no v16 visual guarantee. Validate signature/input behavior and report consumer review boundary.,proposed-disposition; historical named export inspected; compile/API parity pending
autocomplete-typography,mixin,explicit-current-component-bridge,https://raw.githubusercontent.com/angular/components/16.2.14/src/material/_index.scss,@angular/material:autocomplete-typography,,Source contract bridge; no v16 visual guarantee. Validate signature/input behavior and report consumer review boundary.,proposed-disposition; historical named export inspected; compile/API parity pending
autocomplete-density,mixin,explicit-current-component-bridge,https://raw.githubusercontent.com/angular/components/16.2.14/src/material/_index.scss,@angular/material:autocomplete-density,,Source contract bridge; no v16 visual guarantee. Validate signature/input behavior and report consumer review boundary.,proposed-disposition; historical named export inspected; compile/API parity pending
badge-theme,mixin,explicit-current-component-bridge,https://raw.githubusercontent.com/angular/components/16.2.14/src/material/_index.scss,@angular/material:badge-theme,,Source contract bridge; no v16 visual guarantee. Validate signature/input behavior and report consumer review boundary.,proposed-disposition; historical named export inspected; compile/API parity pending
badge-color,mixin,explicit-current-component-bridge,https://raw.githubusercontent.com/angular/components/16.2.14/src/material/_index.scss,@angular/material:badge-color,,Source contract bridge; no v16 visual guarantee. Validate signature/input behavior and report consumer review boundary.,proposed-disposition; historical named export inspected; compile/API parity pending
badge-typography,mixin,explicit-current-component-bridge,https://raw.githubusercontent.com/angular/components/16.2.14/src/material/_index.scss,@angular/material:badge-typography,,Source contract bridge; no v16 visual guarantee. Validate signature/input behavior and report consumer review boundary.,proposed-disposition; historical named export inspected; compile/API parity pending
badge-density,mixin,explicit-current-component-bridge,https://raw.githubusercontent.com/angular/components/16.2.14/src/material/_index.scss,@angular/material:badge-density,,Source contract bridge; no v16 visual guarantee. Validate signature/input behavior and report consumer review boundary.,proposed-disposition; historical named export inspected; compile/API parity pending
bottom-sheet-theme,mixin,explicit-current-component-bridge,https://raw.githubusercontent.com/angular/components/16.2.14/src/material/_index.scss,@angular/material:bottom-sheet-theme,,Source contract bridge; no v16 visual guarantee. Validate signature/input behavior and report consumer review boundary.,proposed-disposition; historical named export inspected; compile/API parity pending
bottom-sheet-color,mixin,explicit-current-component-bridge,https://raw.githubusercontent.com/angular/components/16.2.14/src/material/_index.scss,@angular/material:bottom-sheet-color,,Source contract bridge; no v16 visual guarantee. Validate signature/input behavior and report consumer review boundary.,proposed-disposition; historical named export inspected; compile/API parity pending
bottom-sheet-typography,mixin,explicit-current-component-bridge,https://raw.githubusercontent.com/angular/components/16.2.14/src/material/_index.scss,@angular/material:bottom-sheet-typography,,Source contract bridge; no v16 visual guarantee. Validate signature/input behavior and report consumer review boundary.,proposed-disposition; historical named export inspected; compile/API parity pending
bottom-sheet-density,mixin,explicit-current-component-bridge,https://raw.githubusercontent.com/angular/components/16.2.14/src/material/_index.scss,@angular/material:bottom-sheet-density,,Source contract bridge; no v16 visual guarantee. Validate signature/input behavior and report consumer review boundary.,proposed-disposition; historical named export inspected; compile/API parity pending
button-theme,mixin,explicit-current-component-bridge,https://raw.githubusercontent.com/angular/components/16.2.14/src/material/_index.scss,@angular/material:button-theme,,Source contract bridge; no v16 visual guarantee. Validate signature/input behavior and report consumer review boundary.,proposed-disposition; historical named export inspected; compile/API parity pending
button-color,mixin,explicit-current-component-bridge,https://raw.githubusercontent.com/angular/components/16.2.14/src/material/_index.scss,@angular/material:button-color,,Source contract bridge; no v16 visual guarantee. Validate signature/input behavior and report consumer review boundary.,proposed-disposition; historical named export inspected; compile/API parity pending
button-typography,mixin,explicit-current-component-bridge,https://raw.githubusercontent.com/angular/components/16.2.14/src/material/_index.scss,@angular/material:button-typography,,Source contract bridge; no v16 visual guarantee. Validate signature/input behavior and report consumer review boundary.,proposed-disposition; historical named export inspected; compile/API parity pending
button-density,mixin,explicit-current-component-bridge,https://raw.githubusercontent.com/angular/components/16.2.14/src/material/_index.scss,@angular/material:button-density,,Source contract bridge; no v16 visual guarantee. Validate signature/input behavior and report consumer review boundary.,proposed-disposition; historical named export inspected; compile/API parity pending
fab-theme,mixin,explicit-current-component-bridge,https://raw.githubusercontent.com/angular/components/16.2.14/src/material/_index.scss,@angular/material:fab-theme,,Source contract bridge; no v16 visual guarantee. Validate signature/input behavior and report consumer review boundary.,proposed-disposition; historical named export inspected; compile/API parity pending
fab-color,mixin,explicit-current-component-bridge,https://raw.githubusercontent.com/angular/components/16.2.14/src/material/_index.scss,@angular/material:fab-color,,Source contract bridge; no v16 visual guarantee. Validate signature/input behavior and report consumer review boundary.,proposed-disposition; historical named export inspected; compile/API parity pending
fab-typography,mixin,explicit-current-component-bridge,https://raw.githubusercontent.com/angular/components/16.2.14/src/material/_index.scss,@angular/material:fab-typography,,Source contract bridge; no v16 visual guarantee. Validate signature/input behavior and report consumer review boundary.,proposed-disposition; historical named export inspected; compile/API parity pending
fab-density,mixin,explicit-current-component-bridge,https://raw.githubusercontent.com/angular/components/16.2.14/src/material/_index.scss,@angular/material:fab-density,,Source contract bridge; no v16 visual guarantee. Validate signature/input behavior and report consumer review boundary.,proposed-disposition; historical named export inspected; compile/API parity pending
icon-button-theme,mixin,explicit-current-component-bridge,https://raw.githubusercontent.com/angular/components/16.2.14/src/material/_index.scss,@angular/material:icon-button-theme,,Source contract bridge; no v16 visual guarantee. Validate signature/input behavior and report consumer review boundary.,proposed-disposition; historical named export inspected; compile/API parity pending
icon-button-color,mixin,explicit-current-component-bridge,https://raw.githubusercontent.com/angular/components/16.2.14/src/material/_index.scss,@angular/material:icon-button-color,,Source contract bridge; no v16 visual guarantee. Validate signature/input behavior and report consumer review boundary.,proposed-disposition; historical named export inspected; compile/API parity pending
icon-button-typography,mixin,explicit-current-component-bridge,https://raw.githubusercontent.com/angular/components/16.2.14/src/material/_index.scss,@angular/material:icon-button-typography,,Source contract bridge; no v16 visual guarantee. Validate signature/input behavior and report consumer review boundary.,proposed-disposition; historical named export inspected; compile/API parity pending
icon-button-density,mixin,explicit-current-component-bridge,https://raw.githubusercontent.com/angular/components/16.2.14/src/material/_index.scss,@angular/material:icon-button-density,,Source contract bridge; no v16 visual guarantee. Validate signature/input behavior and report consumer review boundary.,proposed-disposition; historical named export inspected; compile/API parity pending
button-toggle-theme,mixin,explicit-current-component-bridge,https://raw.githubusercontent.com/angular/components/16.2.14/src/material/_index.scss,@angular/material:button-toggle-theme,,Source contract bridge; no v16 visual guarantee. Validate signature/input behavior and report consumer review boundary.,proposed-disposition; historical named export inspected; compile/API parity pending
button-toggle-color,mixin,explicit-current-component-bridge,https://raw.githubusercontent.com/angular/components/16.2.14/src/material/_index.scss,@angular/material:button-toggle-color,,Source contract bridge; no v16 visual guarantee. Validate signature/input behavior and report consumer review boundary.,proposed-disposition; historical named export inspected; compile/API parity pending
button-toggle-typography,mixin,explicit-current-component-bridge,https://raw.githubusercontent.com/angular/components/16.2.14/src/material/_index.scss,@angular/material:button-toggle-typography,,Source contract bridge; no v16 visual guarantee. Validate signature/input behavior and report consumer review boundary.,proposed-disposition; historical named export inspected; compile/API parity pending
button-toggle-density,mixin,explicit-current-component-bridge,https://raw.githubusercontent.com/angular/components/16.2.14/src/material/_index.scss,@angular/material:button-toggle-density,,Source contract bridge; no v16 visual guarantee. Validate signature/input behavior and report consumer review boundary.,proposed-disposition; historical named export inspected; compile/API parity pending
card-theme,mixin,explicit-current-component-bridge,https://raw.githubusercontent.com/angular/components/16.2.14/src/material/_index.scss,@angular/material:card-theme,,Source contract bridge; no v16 visual guarantee. Validate signature/input behavior and report consumer review boundary.,proposed-disposition; historical named export inspected; compile/API parity pending
card-color,mixin,explicit-current-component-bridge,https://raw.githubusercontent.com/angular/components/16.2.14/src/material/_index.scss,@angular/material:card-color,,Source contract bridge; no v16 visual guarantee. Validate signature/input behavior and report consumer review boundary.,proposed-disposition; historical named export inspected; compile/API parity pending
card-typography,mixin,explicit-current-component-bridge,https://raw.githubusercontent.com/angular/components/16.2.14/src/material/_index.scss,@angular/material:card-typography,,Source contract bridge; no v16 visual guarantee. Validate signature/input behavior and report consumer review boundary.,proposed-disposition; historical named export inspected; compile/API parity pending
card-density,mixin,explicit-current-component-bridge,https://raw.githubusercontent.com/angular/components/16.2.14/src/material/_index.scss,@angular/material:card-density,,Source contract bridge; no v16 visual guarantee. Validate signature/input behavior and report consumer review boundary.,proposed-disposition; historical named export inspected; compile/API parity pending
checkbox-theme,mixin,explicit-current-component-bridge,https://raw.githubusercontent.com/angular/components/16.2.14/src/material/_index.scss,@angular/material:checkbox-theme,,Source contract bridge; no v16 visual guarantee. Validate signature/input behavior and report consumer review boundary.,proposed-disposition; historical named export inspected; compile/API parity pending
checkbox-color,mixin,explicit-current-component-bridge,https://raw.githubusercontent.com/angular/components/16.2.14/src/material/_index.scss,@angular/material:checkbox-color,,Source contract bridge; no v16 visual guarantee. Validate signature/input behavior and report consumer review boundary.,proposed-disposition; historical named export inspected; compile/API parity pending
checkbox-typography,mixin,explicit-current-component-bridge,https://raw.githubusercontent.com/angular/components/16.2.14/src/material/_index.scss,@angular/material:checkbox-typography,,Source contract bridge; no v16 visual guarantee. Validate signature/input behavior and report consumer review boundary.,proposed-disposition; historical named export inspected; compile/API parity pending
checkbox-density,mixin,explicit-current-component-bridge,https://raw.githubusercontent.com/angular/components/16.2.14/src/material/_index.scss,@angular/material:checkbox-density,,Source contract bridge; no v16 visual guarantee. Validate signature/input behavior and report consumer review boundary.,proposed-disposition; historical named export inspected; compile/API parity pending
chips-theme,mixin,explicit-current-component-bridge,https://raw.githubusercontent.com/angular/components/16.2.14/src/material/_index.scss,@angular/material:chips-theme,,Source contract bridge; no v16 visual guarantee. Validate signature/input behavior and report consumer review boundary.,proposed-disposition; historical named export inspected; compile/API parity pending
chips-color,mixin,explicit-current-component-bridge,https://raw.githubusercontent.com/angular/components/16.2.14/src/material/_index.scss,@angular/material:chips-color,,Source contract bridge; no v16 visual guarantee. Validate signature/input behavior and report consumer review boundary.,proposed-disposition; historical named export inspected; compile/API parity pending
chips-typography,mixin,explicit-current-component-bridge,https://raw.githubusercontent.com/angular/components/16.2.14/src/material/_index.scss,@angular/material:chips-typography,,Source contract bridge; no v16 visual guarantee. Validate signature/input behavior and report consumer review boundary.,proposed-disposition; historical named export inspected; compile/API parity pending
chips-density,mixin,explicit-current-component-bridge,https://raw.githubusercontent.com/angular/components/16.2.14/src/material/_index.scss,@angular/material:chips-density,,Source contract bridge; no v16 visual guarantee. Validate signature/input behavior and report consumer review boundary.,proposed-disposition; historical named export inspected; compile/API parity pending
datepicker-theme,mixin,explicit-current-component-bridge,https://raw.githubusercontent.com/angular/components/16.2.14/src/material/_index.scss,@angular/material:datepicker-theme,,Source contract bridge; no v16 visual guarantee. Validate signature/input behavior and report consumer review boundary.,proposed-disposition; historical named export inspected; compile/API parity pending
datepicker-color,mixin,explicit-current-component-bridge,https://raw.githubusercontent.com/angular/components/16.2.14/src/material/_index.scss,@angular/material:datepicker-color,,Source contract bridge; no v16 visual guarantee. Validate signature/input behavior and report consumer review boundary.,proposed-disposition; historical named export inspected; compile/API parity pending
datepicker-typography,mixin,explicit-current-component-bridge,https://raw.githubusercontent.com/angular/components/16.2.14/src/material/_index.scss,@angular/material:datepicker-typography,,Source contract bridge; no v16 visual guarantee. Validate signature/input behavior and report consumer review boundary.,proposed-disposition; historical named export inspected; compile/API parity pending
datepicker-density,mixin,explicit-current-component-bridge,https://raw.githubusercontent.com/angular/components/16.2.14/src/material/_index.scss,@angular/material:datepicker-density,,Source contract bridge; no v16 visual guarantee. Validate signature/input behavior and report consumer review boundary.,proposed-disposition; historical named export inspected; compile/API parity pending
dialog-theme,mixin,explicit-current-component-bridge,https://raw.githubusercontent.com/angular/components/16.2.14/src/material/_index.scss,@angular/material:dialog-theme,,Source contract bridge; no v16 visual guarantee. Validate signature/input behavior and report consumer review boundary.,proposed-disposition; historical named export inspected; compile/API parity pending
dialog-color,mixin,explicit-current-component-bridge,https://raw.githubusercontent.com/angular/components/16.2.14/src/material/_index.scss,@angular/material:dialog-color,,Source contract bridge; no v16 visual guarantee. Validate signature/input behavior and report consumer review boundary.,proposed-disposition; historical named export inspected; compile/API parity pending
dialog-typography,mixin,explicit-current-component-bridge,https://raw.githubusercontent.com/angular/components/16.2.14/src/material/_index.scss,@angular/material:dialog-typography,,Source contract bridge; no v16 visual guarantee. Validate signature/input behavior and report consumer review boundary.,proposed-disposition; historical named export inspected; compile/API parity pending
dialog-density,mixin,explicit-current-component-bridge,https://raw.githubusercontent.com/angular/components/16.2.14/src/material/_index.scss,@angular/material:dialog-density,,Source contract bridge; no v16 visual guarantee. Validate signature/input behavior and report consumer review boundary.,proposed-disposition; historical named export inspected; compile/API parity pending
divider-theme,mixin,explicit-current-component-bridge,https://raw.githubusercontent.com/angular/components/16.2.14/src/material/_index.scss,@angular/material:divider-theme,,Source contract bridge; no v16 visual guarantee. Validate signature/input behavior and report consumer review boundary.,proposed-disposition; historical named export inspected; compile/API parity pending
divider-color,mixin,explicit-current-component-bridge,https://raw.githubusercontent.com/angular/components/16.2.14/src/material/_index.scss,@angular/material:divider-color,,Source contract bridge; no v16 visual guarantee. Validate signature/input behavior and report consumer review boundary.,proposed-disposition; historical named export inspected; compile/API parity pending
divider-typography,mixin,explicit-current-component-bridge,https://raw.githubusercontent.com/angular/components/16.2.14/src/material/_index.scss,@angular/material:divider-typography,,Source contract bridge; no v16 visual guarantee. Validate signature/input behavior and report consumer review boundary.,proposed-disposition; historical named export inspected; compile/API parity pending
divider-density,mixin,explicit-current-component-bridge,https://raw.githubusercontent.com/angular/components/16.2.14/src/material/_index.scss,@angular/material:divider-density,,Source contract bridge; no v16 visual guarantee. Validate signature/input behavior and report consumer review boundary.,proposed-disposition; historical named export inspected; compile/API parity pending
expansion-theme,mixin,explicit-current-component-bridge,https://raw.githubusercontent.com/angular/components/16.2.14/src/material/_index.scss,@angular/material:expansion-theme,,Source contract bridge; no v16 visual guarantee. Validate signature/input behavior and report consumer review boundary.,proposed-disposition; historical named export inspected; compile/API parity pending
expansion-color,mixin,explicit-current-component-bridge,https://raw.githubusercontent.com/angular/components/16.2.14/src/material/_index.scss,@angular/material:expansion-color,,Source contract bridge; no v16 visual guarantee. Validate signature/input behavior and report consumer review boundary.,proposed-disposition; historical named export inspected; compile/API parity pending
expansion-typography,mixin,explicit-current-component-bridge,https://raw.githubusercontent.com/angular/components/16.2.14/src/material/_index.scss,@angular/material:expansion-typography,,Source contract bridge; no v16 visual guarantee. Validate signature/input behavior and report consumer review boundary.,proposed-disposition; historical named export inspected; compile/API parity pending
expansion-density,mixin,explicit-current-component-bridge,https://raw.githubusercontent.com/angular/components/16.2.14/src/material/_index.scss,@angular/material:expansion-density,,Source contract bridge; no v16 visual guarantee. Validate signature/input behavior and report consumer review boundary.,proposed-disposition; historical named export inspected; compile/API parity pending
form-field-theme,mixin,explicit-current-component-bridge,https://raw.githubusercontent.com/angular/components/16.2.14/src/material/_index.scss,@angular/material:form-field-theme,,Source contract bridge; no v16 visual guarantee. Validate signature/input behavior and report consumer review boundary.,proposed-disposition; historical named export inspected; compile/API parity pending
form-field-color,mixin,explicit-current-component-bridge,https://raw.githubusercontent.com/angular/components/16.2.14/src/material/_index.scss,@angular/material:form-field-color,,Source contract bridge; no v16 visual guarantee. Validate signature/input behavior and report consumer review boundary.,proposed-disposition; historical named export inspected; compile/API parity pending
form-field-typography,mixin,explicit-current-component-bridge,https://raw.githubusercontent.com/angular/components/16.2.14/src/material/_index.scss,@angular/material:form-field-typography,,Source contract bridge; no v16 visual guarantee. Validate signature/input behavior and report consumer review boundary.,proposed-disposition; historical named export inspected; compile/API parity pending
form-field-density,mixin,explicit-current-component-bridge,https://raw.githubusercontent.com/angular/components/16.2.14/src/material/_index.scss,@angular/material:form-field-density,,Source contract bridge; no v16 visual guarantee. Validate signature/input behavior and report consumer review boundary.,proposed-disposition; historical named export inspected; compile/API parity pending
grid-list-theme,mixin,explicit-current-component-bridge,https://raw.githubusercontent.com/angular/components/16.2.14/src/material/_index.scss,@angular/material:grid-list-theme,,Source contract bridge; no v16 visual guarantee. Validate signature/input behavior and report consumer review boundary.,proposed-disposition; historical named export inspected; compile/API parity pending
grid-list-color,mixin,explicit-current-component-bridge,https://raw.githubusercontent.com/angular/components/16.2.14/src/material/_index.scss,@angular/material:grid-list-color,,Source contract bridge; no v16 visual guarantee. Validate signature/input behavior and report consumer review boundary.,proposed-disposition; historical named export inspected; compile/API parity pending
grid-list-typography,mixin,explicit-current-component-bridge,https://raw.githubusercontent.com/angular/components/16.2.14/src/material/_index.scss,@angular/material:grid-list-typography,,Source contract bridge; no v16 visual guarantee. Validate signature/input behavior and report consumer review boundary.,proposed-disposition; historical named export inspected; compile/API parity pending
grid-list-density,mixin,explicit-current-component-bridge,https://raw.githubusercontent.com/angular/components/16.2.14/src/material/_index.scss,@angular/material:grid-list-density,,Source contract bridge; no v16 visual guarantee. Validate signature/input behavior and report consumer review boundary.,proposed-disposition; historical named export inspected; compile/API parity pending
icon-theme,mixin,explicit-current-component-bridge,https://raw.githubusercontent.com/angular/components/16.2.14/src/material/_index.scss,@angular/material:icon-theme,,Source contract bridge; no v16 visual guarantee. Validate signature/input behavior and report consumer review boundary.,proposed-disposition; historical named export inspected; compile/API parity pending
icon-color,mixin,explicit-current-component-bridge,https://raw.githubusercontent.com/angular/components/16.2.14/src/material/_index.scss,@angular/material:icon-color,,Source contract bridge; no v16 visual guarantee. Validate signature/input behavior and report consumer review boundary.,proposed-disposition; historical named export inspected; compile/API parity pending
icon-typography,mixin,explicit-current-component-bridge,https://raw.githubusercontent.com/angular/components/16.2.14/src/material/_index.scss,@angular/material:icon-typography,,Source contract bridge; no v16 visual guarantee. Validate signature/input behavior and report consumer review boundary.,proposed-disposition; historical named export inspected; compile/API parity pending
icon-density,mixin,explicit-current-component-bridge,https://raw.githubusercontent.com/angular/components/16.2.14/src/material/_index.scss,@angular/material:icon-density,,Source contract bridge; no v16 visual guarantee. Validate signature/input behavior and report consumer review boundary.,proposed-disposition; historical named export inspected; compile/API parity pending
input-theme,mixin,explicit-current-component-bridge,https://raw.githubusercontent.com/angular/components/16.2.14/src/material/_index.scss,@angular/material:input-theme,,Source contract bridge; no v16 visual guarantee. Validate signature/input behavior and report consumer review boundary.,proposed-disposition; historical named export inspected; compile/API parity pending
input-color,mixin,explicit-current-component-bridge,https://raw.githubusercontent.com/angular/components/16.2.14/src/material/_index.scss,@angular/material:input-color,,Source contract bridge; no v16 visual guarantee. Validate signature/input behavior and report consumer review boundary.,proposed-disposition; historical named export inspected; compile/API parity pending
input-typography,mixin,explicit-current-component-bridge,https://raw.githubusercontent.com/angular/components/16.2.14/src/material/_index.scss,@angular/material:input-typography,,Source contract bridge; no v16 visual guarantee. Validate signature/input behavior and report consumer review boundary.,proposed-disposition; historical named export inspected; compile/API parity pending
input-density,mixin,explicit-current-component-bridge,https://raw.githubusercontent.com/angular/components/16.2.14/src/material/_index.scss,@angular/material:input-density,,Source contract bridge; no v16 visual guarantee. Validate signature/input behavior and report consumer review boundary.,proposed-disposition; historical named export inspected; compile/API parity pending
list-theme,mixin,explicit-current-component-bridge,https://raw.githubusercontent.com/angular/components/16.2.14/src/material/_index.scss,@angular/material:list-theme,,Source contract bridge; no v16 visual guarantee. Validate signature/input behavior and report consumer review boundary.,proposed-disposition; historical named export inspected; compile/API parity pending
list-color,mixin,explicit-current-component-bridge,https://raw.githubusercontent.com/angular/components/16.2.14/src/material/_index.scss,@angular/material:list-color,,Source contract bridge; no v16 visual guarantee. Validate signature/input behavior and report consumer review boundary.,proposed-disposition; historical named export inspected; compile/API parity pending
list-typography,mixin,explicit-current-component-bridge,https://raw.githubusercontent.com/angular/components/16.2.14/src/material/_index.scss,@angular/material:list-typography,,Source contract bridge; no v16 visual guarantee. Validate signature/input behavior and report consumer review boundary.,proposed-disposition; historical named export inspected; compile/API parity pending
list-density,mixin,explicit-current-component-bridge,https://raw.githubusercontent.com/angular/components/16.2.14/src/material/_index.scss,@angular/material:list-density,,Source contract bridge; no v16 visual guarantee. Validate signature/input behavior and report consumer review boundary.,proposed-disposition; historical named export inspected; compile/API parity pending
menu-theme,mixin,explicit-current-component-bridge,https://raw.githubusercontent.com/angular/components/16.2.14/src/material/_index.scss,@angular/material:menu-theme,,Source contract bridge; no v16 visual guarantee. Validate signature/input behavior and report consumer review boundary.,proposed-disposition; historical named export inspected; compile/API parity pending
menu-color,mixin,explicit-current-component-bridge,https://raw.githubusercontent.com/angular/components/16.2.14/src/material/_index.scss,@angular/material:menu-color,,Source contract bridge; no v16 visual guarantee. Validate signature/input behavior and report consumer review boundary.,proposed-disposition; historical named export inspected; compile/API parity pending
menu-typography,mixin,explicit-current-component-bridge,https://raw.githubusercontent.com/angular/components/16.2.14/src/material/_index.scss,@angular/material:menu-typography,,Source contract bridge; no v16 visual guarantee. Validate signature/input behavior and report consumer review boundary.,proposed-disposition; historical named export inspected; compile/API parity pending
menu-density,mixin,explicit-current-component-bridge,https://raw.githubusercontent.com/angular/components/16.2.14/src/material/_index.scss,@angular/material:menu-density,,Source contract bridge; no v16 visual guarantee. Validate signature/input behavior and report consumer review boundary.,proposed-disposition; historical named export inspected; compile/API parity pending
paginator-theme,mixin,explicit-current-component-bridge,https://raw.githubusercontent.com/angular/components/16.2.14/src/material/_index.scss,@angular/material:paginator-theme,,Source contract bridge; no v16 visual guarantee. Validate signature/input behavior and report consumer review boundary.,proposed-disposition; historical named export inspected; compile/API parity pending
paginator-color,mixin,explicit-current-component-bridge,https://raw.githubusercontent.com/angular/components/16.2.14/src/material/_index.scss,@angular/material:paginator-color,,Source contract bridge; no v16 visual guarantee. Validate signature/input behavior and report consumer review boundary.,proposed-disposition; historical named export inspected; compile/API parity pending
paginator-typography,mixin,explicit-current-component-bridge,https://raw.githubusercontent.com/angular/components/16.2.14/src/material/_index.scss,@angular/material:paginator-typography,,Source contract bridge; no v16 visual guarantee. Validate signature/input behavior and report consumer review boundary.,proposed-disposition; historical named export inspected; compile/API parity pending
paginator-density,mixin,explicit-current-component-bridge,https://raw.githubusercontent.com/angular/components/16.2.14/src/material/_index.scss,@angular/material:paginator-density,,Source contract bridge; no v16 visual guarantee. Validate signature/input behavior and report consumer review boundary.,proposed-disposition; historical named export inspected; compile/API parity pending
progress-bar-theme,mixin,explicit-current-component-bridge,https://raw.githubusercontent.com/angular/components/16.2.14/src/material/_index.scss,@angular/material:progress-bar-theme,,Source contract bridge; no v16 visual guarantee. Validate signature/input behavior and report consumer review boundary.,proposed-disposition; historical named export inspected; compile/API parity pending
progress-bar-color,mixin,explicit-current-component-bridge,https://raw.githubusercontent.com/angular/components/16.2.14/src/material/_index.scss,@angular/material:progress-bar-color,,Source contract bridge; no v16 visual guarantee. Validate signature/input behavior and report consumer review boundary.,proposed-disposition; historical named export inspected; compile/API parity pending
progress-bar-typography,mixin,explicit-current-component-bridge,https://raw.githubusercontent.com/angular/components/16.2.14/src/material/_index.scss,@angular/material:progress-bar-typography,,Source contract bridge; no v16 visual guarantee. Validate signature/input behavior and report consumer review boundary.,proposed-disposition; historical named export inspected; compile/API parity pending
progress-bar-density,mixin,explicit-current-component-bridge,https://raw.githubusercontent.com/angular/components/16.2.14/src/material/_index.scss,@angular/material:progress-bar-density,,Source contract bridge; no v16 visual guarantee. Validate signature/input behavior and report consumer review boundary.,proposed-disposition; historical named export inspected; compile/API parity pending
progress-spinner-theme,mixin,explicit-current-component-bridge,https://raw.githubusercontent.com/angular/components/16.2.14/src/material/_index.scss,@angular/material:progress-spinner-theme,,Source contract bridge; no v16 visual guarantee. Validate signature/input behavior and report consumer review boundary.,proposed-disposition; historical named export inspected; compile/API parity pending
progress-spinner-color,mixin,explicit-current-component-bridge,https://raw.githubusercontent.com/angular/components/16.2.14/src/material/_index.scss,@angular/material:progress-spinner-color,,Source contract bridge; no v16 visual guarantee. Validate signature/input behavior and report consumer review boundary.,proposed-disposition; historical named export inspected; compile/API parity pending
progress-spinner-typography,mixin,explicit-current-component-bridge,https://raw.githubusercontent.com/angular/components/16.2.14/src/material/_index.scss,@angular/material:progress-spinner-typography,,Source contract bridge; no v16 visual guarantee. Validate signature/input behavior and report consumer review boundary.,proposed-disposition; historical named export inspected; compile/API parity pending
progress-spinner-density,mixin,explicit-current-component-bridge,https://raw.githubusercontent.com/angular/components/16.2.14/src/material/_index.scss,@angular/material:progress-spinner-density,,Source contract bridge; no v16 visual guarantee. Validate signature/input behavior and report consumer review boundary.,proposed-disposition; historical named export inspected; compile/API parity pending
radio-theme,mixin,explicit-current-component-bridge,https://raw.githubusercontent.com/angular/components/16.2.14/src/material/_index.scss,@angular/material:radio-theme,,Source contract bridge; no v16 visual guarantee. Validate signature/input behavior and report consumer review boundary.,proposed-disposition; historical named export inspected; compile/API parity pending
radio-color,mixin,explicit-current-component-bridge,https://raw.githubusercontent.com/angular/components/16.2.14/src/material/_index.scss,@angular/material:radio-color,,Source contract bridge; no v16 visual guarantee. Validate signature/input behavior and report consumer review boundary.,proposed-disposition; historical named export inspected; compile/API parity pending
radio-typography,mixin,explicit-current-component-bridge,https://raw.githubusercontent.com/angular/components/16.2.14/src/material/_index.scss,@angular/material:radio-typography,,Source contract bridge; no v16 visual guarantee. Validate signature/input behavior and report consumer review boundary.,proposed-disposition; historical named export inspected; compile/API parity pending
radio-density,mixin,explicit-current-component-bridge,https://raw.githubusercontent.com/angular/components/16.2.14/src/material/_index.scss,@angular/material:radio-density,,Source contract bridge; no v16 visual guarantee. Validate signature/input behavior and report consumer review boundary.,proposed-disposition; historical named export inspected; compile/API parity pending
select-theme,mixin,explicit-current-component-bridge,https://raw.githubusercontent.com/angular/components/16.2.14/src/material/_index.scss,@angular/material:select-theme,,Source contract bridge; no v16 visual guarantee. Validate signature/input behavior and report consumer review boundary.,proposed-disposition; historical named export inspected; compile/API parity pending
select-color,mixin,explicit-current-component-bridge,https://raw.githubusercontent.com/angular/components/16.2.14/src/material/_index.scss,@angular/material:select-color,,Source contract bridge; no v16 visual guarantee. Validate signature/input behavior and report consumer review boundary.,proposed-disposition; historical named export inspected; compile/API parity pending
select-typography,mixin,explicit-current-component-bridge,https://raw.githubusercontent.com/angular/components/16.2.14/src/material/_index.scss,@angular/material:select-typography,,Source contract bridge; no v16 visual guarantee. Validate signature/input behavior and report consumer review boundary.,proposed-disposition; historical named export inspected; compile/API parity pending
select-density,mixin,explicit-current-component-bridge,https://raw.githubusercontent.com/angular/components/16.2.14/src/material/_index.scss,@angular/material:select-density,,Source contract bridge; no v16 visual guarantee. Validate signature/input behavior and report consumer review boundary.,proposed-disposition; historical named export inspected; compile/API parity pending
sidenav-theme,mixin,explicit-current-component-bridge,https://raw.githubusercontent.com/angular/components/16.2.14/src/material/_index.scss,@angular/material:sidenav-theme,,Source contract bridge; no v16 visual guarantee. Validate signature/input behavior and report consumer review boundary.,proposed-disposition; historical named export inspected; compile/API parity pending
sidenav-color,mixin,explicit-current-component-bridge,https://raw.githubusercontent.com/angular/components/16.2.14/src/material/_index.scss,@angular/material:sidenav-color,,Source contract bridge; no v16 visual guarantee. Validate signature/input behavior and report consumer review boundary.,proposed-disposition; historical named export inspected; compile/API parity pending
sidenav-typography,mixin,explicit-current-component-bridge,https://raw.githubusercontent.com/angular/components/16.2.14/src/material/_index.scss,@angular/material:sidenav-typography,,Source contract bridge; no v16 visual guarantee. Validate signature/input behavior and report consumer review boundary.,proposed-disposition; historical named export inspected; compile/API parity pending
sidenav-density,mixin,explicit-current-component-bridge,https://raw.githubusercontent.com/angular/components/16.2.14/src/material/_index.scss,@angular/material:sidenav-density,,Source contract bridge; no v16 visual guarantee. Validate signature/input behavior and report consumer review boundary.,proposed-disposition; historical named export inspected; compile/API parity pending
slide-toggle-theme,mixin,explicit-current-component-bridge,https://raw.githubusercontent.com/angular/components/16.2.14/src/material/_index.scss,@angular/material:slide-toggle-theme,,Source contract bridge; no v16 visual guarantee. Validate signature/input behavior and report consumer review boundary.,proposed-disposition; historical named export inspected; compile/API parity pending
slide-toggle-color,mixin,explicit-current-component-bridge,https://raw.githubusercontent.com/angular/components/16.2.14/src/material/_index.scss,@angular/material:slide-toggle-color,,Source contract bridge; no v16 visual guarantee. Validate signature/input behavior and report consumer review boundary.,proposed-disposition; historical named export inspected; compile/API parity pending
slide-toggle-typography,mixin,explicit-current-component-bridge,https://raw.githubusercontent.com/angular/components/16.2.14/src/material/_index.scss,@angular/material:slide-toggle-typography,,Source contract bridge; no v16 visual guarantee. Validate signature/input behavior and report consumer review boundary.,proposed-disposition; historical named export inspected; compile/API parity pending
slide-toggle-density,mixin,explicit-current-component-bridge,https://raw.githubusercontent.com/angular/components/16.2.14/src/material/_index.scss,@angular/material:slide-toggle-density,,Source contract bridge; no v16 visual guarantee. Validate signature/input behavior and report consumer review boundary.,proposed-disposition; historical named export inspected; compile/API parity pending
slider-theme,mixin,explicit-current-component-bridge,https://raw.githubusercontent.com/angular/components/16.2.14/src/material/_index.scss,@angular/material:slider-theme,,Source contract bridge; no v16 visual guarantee. Validate signature/input behavior and report consumer review boundary.,proposed-disposition; historical named export inspected; compile/API parity pending
slider-color,mixin,explicit-current-component-bridge,https://raw.githubusercontent.com/angular/components/16.2.14/src/material/_index.scss,@angular/material:slider-color,,Source contract bridge; no v16 visual guarantee. Validate signature/input behavior and report consumer review boundary.,proposed-disposition; historical named export inspected; compile/API parity pending
slider-typography,mixin,explicit-current-component-bridge,https://raw.githubusercontent.com/angular/components/16.2.14/src/material/_index.scss,@angular/material:slider-typography,,Source contract bridge; no v16 visual guarantee. Validate signature/input behavior and report consumer review boundary.,proposed-disposition; historical named export inspected; compile/API parity pending
slider-density,mixin,explicit-current-component-bridge,https://raw.githubusercontent.com/angular/components/16.2.14/src/material/_index.scss,@angular/material:slider-density,,Source contract bridge; no v16 visual guarantee. Validate signature/input behavior and report consumer review boundary.,proposed-disposition; historical named export inspected; compile/API parity pending
snack-bar-theme,mixin,explicit-current-component-bridge,https://raw.githubusercontent.com/angular/components/16.2.14/src/material/_index.scss,@angular/material:snack-bar-theme,,Source contract bridge; no v16 visual guarantee. Validate signature/input behavior and report consumer review boundary.,proposed-disposition; historical named export inspected; compile/API parity pending
snack-bar-color,mixin,explicit-current-component-bridge,https://raw.githubusercontent.com/angular/components/16.2.14/src/material/_index.scss,@angular/material:snack-bar-color,,Source contract bridge; no v16 visual guarantee. Validate signature/input behavior and report consumer review boundary.,proposed-disposition; historical named export inspected; compile/API parity pending
snack-bar-typography,mixin,explicit-current-component-bridge,https://raw.githubusercontent.com/angular/components/16.2.14/src/material/_index.scss,@angular/material:snack-bar-typography,,Source contract bridge; no v16 visual guarantee. Validate signature/input behavior and report consumer review boundary.,proposed-disposition; historical named export inspected; compile/API parity pending
snack-bar-density,mixin,explicit-current-component-bridge,https://raw.githubusercontent.com/angular/components/16.2.14/src/material/_index.scss,@angular/material:snack-bar-density,,Source contract bridge; no v16 visual guarantee. Validate signature/input behavior and report consumer review boundary.,proposed-disposition; historical named export inspected; compile/API parity pending
sort-theme,mixin,explicit-current-component-bridge,https://raw.githubusercontent.com/angular/components/16.2.14/src/material/_index.scss,@angular/material:sort-theme,,Source contract bridge; no v16 visual guarantee. Validate signature/input behavior and report consumer review boundary.,proposed-disposition; historical named export inspected; compile/API parity pending
sort-color,mixin,explicit-current-component-bridge,https://raw.githubusercontent.com/angular/components/16.2.14/src/material/_index.scss,@angular/material:sort-color,,Source contract bridge; no v16 visual guarantee. Validate signature/input behavior and report consumer review boundary.,proposed-disposition; historical named export inspected; compile/API parity pending
sort-typography,mixin,explicit-current-component-bridge,https://raw.githubusercontent.com/angular/components/16.2.14/src/material/_index.scss,@angular/material:sort-typography,,Source contract bridge; no v16 visual guarantee. Validate signature/input behavior and report consumer review boundary.,proposed-disposition; historical named export inspected; compile/API parity pending
sort-density,mixin,explicit-current-component-bridge,https://raw.githubusercontent.com/angular/components/16.2.14/src/material/_index.scss,@angular/material:sort-density,,Source contract bridge; no v16 visual guarantee. Validate signature/input behavior and report consumer review boundary.,proposed-disposition; historical named export inspected; compile/API parity pending
stepper-theme,mixin,explicit-current-component-bridge,https://raw.githubusercontent.com/angular/components/16.2.14/src/material/_index.scss,@angular/material:stepper-theme,,Source contract bridge; no v16 visual guarantee. Validate signature/input behavior and report consumer review boundary.,proposed-disposition; historical named export inspected; compile/API parity pending
stepper-color,mixin,explicit-current-component-bridge,https://raw.githubusercontent.com/angular/components/16.2.14/src/material/_index.scss,@angular/material:stepper-color,,Source contract bridge; no v16 visual guarantee. Validate signature/input behavior and report consumer review boundary.,proposed-disposition; historical named export inspected; compile/API parity pending
stepper-typography,mixin,explicit-current-component-bridge,https://raw.githubusercontent.com/angular/components/16.2.14/src/material/_index.scss,@angular/material:stepper-typography,,Source contract bridge; no v16 visual guarantee. Validate signature/input behavior and report consumer review boundary.,proposed-disposition; historical named export inspected; compile/API parity pending
stepper-density,mixin,explicit-current-component-bridge,https://raw.githubusercontent.com/angular/components/16.2.14/src/material/_index.scss,@angular/material:stepper-density,,Source contract bridge; no v16 visual guarantee. Validate signature/input behavior and report consumer review boundary.,proposed-disposition; historical named export inspected; compile/API parity pending
table-theme,mixin,explicit-current-component-bridge,https://raw.githubusercontent.com/angular/components/16.2.14/src/material/_index.scss,@angular/material:table-theme,,Source contract bridge; no v16 visual guarantee. Validate signature/input behavior and report consumer review boundary.,proposed-disposition; historical named export inspected; compile/API parity pending
table-color,mixin,explicit-current-component-bridge,https://raw.githubusercontent.com/angular/components/16.2.14/src/material/_index.scss,@angular/material:table-color,,Source contract bridge; no v16 visual guarantee. Validate signature/input behavior and report consumer review boundary.,proposed-disposition; historical named export inspected; compile/API parity pending
table-typography,mixin,explicit-current-component-bridge,https://raw.githubusercontent.com/angular/components/16.2.14/src/material/_index.scss,@angular/material:table-typography,,Source contract bridge; no v16 visual guarantee. Validate signature/input behavior and report consumer review boundary.,proposed-disposition; historical named export inspected; compile/API parity pending
table-density,mixin,explicit-current-component-bridge,https://raw.githubusercontent.com/angular/components/16.2.14/src/material/_index.scss,@angular/material:table-density,,Source contract bridge; no v16 visual guarantee. Validate signature/input behavior and report consumer review boundary.,proposed-disposition; historical named export inspected; compile/API parity pending
tabs-theme,mixin,explicit-current-component-bridge,https://raw.githubusercontent.com/angular/components/16.2.14/src/material/_index.scss,@angular/material:tabs-theme,,Source contract bridge; no v16 visual guarantee. Validate signature/input behavior and report consumer review boundary.,proposed-disposition; historical named export inspected; compile/API parity pending
tabs-color,mixin,explicit-current-component-bridge,https://raw.githubusercontent.com/angular/components/16.2.14/src/material/_index.scss,@angular/material:tabs-color,,Source contract bridge; no v16 visual guarantee. Validate signature/input behavior and report consumer review boundary.,proposed-disposition; historical named export inspected; compile/API parity pending
tabs-typography,mixin,explicit-current-component-bridge,https://raw.githubusercontent.com/angular/components/16.2.14/src/material/_index.scss,@angular/material:tabs-typography,,Source contract bridge; no v16 visual guarantee. Validate signature/input behavior and report consumer review boundary.,proposed-disposition; historical named export inspected; compile/API parity pending
tabs-density,mixin,explicit-current-component-bridge,https://raw.githubusercontent.com/angular/components/16.2.14/src/material/_index.scss,@angular/material:tabs-density,,Source contract bridge; no v16 visual guarantee. Validate signature/input behavior and report consumer review boundary.,proposed-disposition; historical named export inspected; compile/API parity pending
toolbar-theme,mixin,explicit-current-component-bridge,https://raw.githubusercontent.com/angular/components/16.2.14/src/material/_index.scss,@angular/material:toolbar-theme,,Source contract bridge; no v16 visual guarantee. Validate signature/input behavior and report consumer review boundary.,proposed-disposition; historical named export inspected; compile/API parity pending
toolbar-color,mixin,explicit-current-component-bridge,https://raw.githubusercontent.com/angular/components/16.2.14/src/material/_index.scss,@angular/material:toolbar-color,,Source contract bridge; no v16 visual guarantee. Validate signature/input behavior and report consumer review boundary.,proposed-disposition; historical named export inspected; compile/API parity pending
toolbar-typography,mixin,explicit-current-component-bridge,https://raw.githubusercontent.com/angular/components/16.2.14/src/material/_index.scss,@angular/material:toolbar-typography,,Source contract bridge; no v16 visual guarantee. Validate signature/input behavior and report consumer review boundary.,proposed-disposition; historical named export inspected; compile/API parity pending
toolbar-density,mixin,explicit-current-component-bridge,https://raw.githubusercontent.com/angular/components/16.2.14/src/material/_index.scss,@angular/material:toolbar-density,,Source contract bridge; no v16 visual guarantee. Validate signature/input behavior and report consumer review boundary.,proposed-disposition; historical named export inspected; compile/API parity pending
tooltip-theme,mixin,explicit-current-component-bridge,https://raw.githubusercontent.com/angular/components/16.2.14/src/material/_index.scss,@angular/material:tooltip-theme,,Source contract bridge; no v16 visual guarantee. Validate signature/input behavior and report consumer review boundary.,proposed-disposition; historical named export inspected; compile/API parity pending
tooltip-color,mixin,explicit-current-component-bridge,https://raw.githubusercontent.com/angular/components/16.2.14/src/material/_index.scss,@angular/material:tooltip-color,,Source contract bridge; no v16 visual guarantee. Validate signature/input behavior and report consumer review boundary.,proposed-disposition; historical named export inspected; compile/API parity pending
tooltip-typography,mixin,explicit-current-component-bridge,https://raw.githubusercontent.com/angular/components/16.2.14/src/material/_index.scss,@angular/material:tooltip-typography,,Source contract bridge; no v16 visual guarantee. Validate signature/input behavior and report consumer review boundary.,proposed-disposition; historical named export inspected; compile/API parity pending
tooltip-density,mixin,explicit-current-component-bridge,https://raw.githubusercontent.com/angular/components/16.2.14/src/material/_index.scss,@angular/material:tooltip-density,,Source contract bridge; no v16 visual guarantee. Validate signature/input behavior and report consumer review boundary.,proposed-disposition; historical named export inspected; compile/API parity pending
tree-theme,mixin,explicit-current-component-bridge,https://raw.githubusercontent.com/angular/components/16.2.14/src/material/_index.scss,@angular/material:tree-theme,,Source contract bridge; no v16 visual guarantee. Validate signature/input behavior and report consumer review boundary.,proposed-disposition; historical named export inspected; compile/API parity pending
tree-color,mixin,explicit-current-component-bridge,https://raw.githubusercontent.com/angular/components/16.2.14/src/material/_index.scss,@angular/material:tree-color,,Source contract bridge; no v16 visual guarantee. Validate signature/input behavior and report consumer review boundary.,proposed-disposition; historical named export inspected; compile/API parity pending
tree-typography,mixin,explicit-current-component-bridge,https://raw.githubusercontent.com/angular/components/16.2.14/src/material/_index.scss,@angular/material:tree-typography,,Source contract bridge; no v16 visual guarantee. Validate signature/input behavior and report consumer review boundary.,proposed-disposition; historical named export inspected; compile/API parity pending
tree-density,mixin,explicit-current-component-bridge,https://raw.githubusercontent.com/angular/components/16.2.14/src/material/_index.scss,@angular/material:tree-density,,Source contract bridge; no v16 visual guarantee. Validate signature/input behavior and report consumer review boundary.,proposed-disposition; historical named export inspected; compile/API parity pending
datepicker-date-range-colors,mixin,explicit-current-component-bridge,https://raw.githubusercontent.com/angular/components/16.2.14/src/material/_index.scss,@angular/material:datepicker-date-range-colors,,Validate special arguments; diagnostic rather than approximate translation when incompatible.,proposed-disposition; historical named export inspected; compile/API parity pending
dialog-legacy-padding,mixin,explicit-current-component-bridge,https://raw.githubusercontent.com/angular/components/16.2.14/src/material/_index.scss,@angular/material:dialog-legacy-padding,,Validate special arguments; diagnostic rather than approximate translation when incompatible.,proposed-disposition; historical named export inspected; compile/API parity pending
